Code,Long Name,Income Group,Region,Lending category,Other groups,Currency Unit,Latest population census,Latest household survey,Special Notes,National accounts base year,National accounts reference year,System of National Accounts,SNA price valuation,Alternative conversion factor,PPP survey years,Balance of Payments Manual in use,External debt Reporting status,System of trade,Government Accounting concept,IMF data dissemination standard,Source of most recent Income and expenditure data,Vital registration complete,Latest agricultural census,Latest industrial data,Latest trade data,Latest water withdrawal data,2-alpha code,WB-2 code,Table Name,Short Name
AFG,Islamic State of Afghanistan,Low income,South Asia,IDA,HIPC,Afghan afghani,1979,"Demographic and Health Survey, 2015",,2002/03,,Country uses the 1993 System of National Accounts methodology,Value added at basic prices (VAB),,PPPs are imputed for 2011 and 2017 based on a regression model,BPM6,Actual,General trade system,Consolidated central government,Enhanced General Data Dissemination System (e-GDDS),"Integrated household survey (IHS), 2016/17",,,,2017,2000,AF,AF,Afghanistan,Afghanistan
ALB,Republic of Albania,Upper middle income,Europe & Central Asia,IBRD,,Albanian lek,2011,"Demographic and Health Survey, 2017/18",,Original chained constant price data are rescaled.,2010,Country uses the 2008 System of National Accounts methodology,Value added at basic prices (VAB),,Rolling surveys (annual estimation),BPM6,Actual,Special trade system,Consolidated central government,Enhanced General Data Dissemination System (e-GDDS),"Living Standards Measurement Study Survey (LSMS), 2012",Yes,2012,2013,2017,2006,AL,AL,Albania,Albania
DZA,People's Democratic Republic of Algeria,Lower middle income,Middle East & North Africa,IBRD,,Algerian dinar,2008,"Multiple Indicator Cluster Survey, 2018/2019",,Original chained constant price data are rescaled.,1999,Country uses the 1993 System of National Accounts methodology,Value added at basic prices (VAB),,"2017, 2011",BPM6,Actual,Special trade system,Consolidated central government,Enhanced General Data Dissemination System (e-GDDS),"Integrated household survey (IHS), 2011",,,2010,2017,2012,DZ,DZ,Algeria,Algeria
AGO,People's Republic of Angola,Lower middle income,Sub-Saharan Africa,IBRD,,Angolan kwanza,2014,"Demographic and Health Survey, 2015/16",,2002,,Country uses the 1993 System of National Accounts methodology,Value added at basic prices (VAB),1991–96,"2017, 2011",BPM6,Actual,Special trade system,Budgetary central government,Enhanced General Data Dissemination System (e-GDDS),"Integrated household survey (IHS), 2008/09",,,,2017,2005,AO,AO,Angola,Angola
ARG,Argentine Republic,Upper middle income,Latin America & Caribbean,IBRD,,Argentine peso,2010,"Multiple Indicator Cluster Survey, 2011/12",,2004,,Country uses the 2008 System of National Accounts methodology,Value added at basic prices (VAB),1971–84; 2012-15,2017,BPM6,Actual,Special trade system,Consolidated central government,Special Data Dissemination Standard (SDDS),"Integrated household survey (IHS), 2016",Yes,2008,2002,2017,2011,AR,AR,Argentina,Argentina
ARM,Republic of Armenia,Upper middle income,Europe & Central Asia,IBRD,,Armenian dram,2011,"Demographic and Health Survey, 2015/16",,Original chained constant price data are rescaled.,2012,Country uses the 2008 System of National Accounts methodology,Value added at basic prices (VAB),1990–95,"2017, 2014, 2011",BPM6,Actual,General trade system,Consolidated central government,Special Data Dissemination Standard (SDDS),"Integrated household survey (IHS), 2016",Yes,2014,,2017,2012,AM,AM,Armenia,Armenia
AZE,Republic of Azerbaijan,Upper middle income,Europe & Central Asia,IBRD,,New Azeri manat,2019,"Demographic and Health Survey, 2006",,Original chained constant price data are rescaled.,2005,Country uses the 1993 System of National Accounts methodology,Value added at basic prices (VAB),1992–95,"2017, 2014, 2011",BPM6,Actual,General trade system,Consolidated central government,Enhanced General Data Dissemination System (e-GDDS),"Living Standards Measurement Study Survey (LSMS), 2012",Yes,2015,2013,2017,2012,AZ,AZ,Azerbaijan,Azerbaijan
BGD,People's Republic of Bangladesh,Lower middle income,South Asia,IDA,,Bangladeshi taka,2011,"Multiple Indicator Cluster Survey, 2019",Fiscal year end: June 30; reporting period for national accounts data: FY.,2005/06,,Country uses the 1993 System of National Accounts methodology,Value added at basic prices (VAB),,"2017, 2011",BPM6,Actual,General trade system,Budgetary central government,Enhanced General Data Dissemination System (e-GDDS),"Integrated household survey (IHS), 2016",,2008,2011,2017,2008,BD,BD,Bangladesh,Bangladesh
BLR,Republic of Belarus,Upper middle income,Europe & Central Asia,IBRD,,Belarusian rubel,2019,"Multiple Indicator Cluster Survey, 2019","Data before 2015 were adjusted to reflect the new denomination effective from July 1, 2016 (BYN), a decrease of 10,000 times (1 BYN = 10,000 BYR)",Original chained constant price data are rescaled.,2014,Country uses the 2008 System of National Accounts methodology,Value added at basic prices (VAB),1990–95,"2017, 2014, 2011",BPM6,Actual,General trade system,Consolidated central government,Special Data Dissemination Standard (SDDS),"Integrated household survey (IHS), 2017",Yes,,2014,2017,2013,BY,BY,Belarus,Belarus
BLZ,Belize,Upper middle income,Latin America & Caribbean,IBRD,,Belize dollar,2010,"Multiple Indicator Cluster Survey, 2015/16",,2000,,Country uses the 1993 System of National Accounts methodology,Value added at basic prices (VAB),,"2017, 2011",BPM6,Actual,General trade system,Budgetary central government,Enhanced General Data Dissemination System (e-GDDS),"Labor force survey (LFS), 1999",,2011,1992,2017,2000,BZ,BZ,Belize,Belize
BEN,Republic of Benin,Lower middle income,Sub-Saharan Africa,IDA,HIPC,West African CFA franc,2013,"Demographic and Health Survey, 2017/18",,2015,,Country uses the 2008 System of National Accounts methodology,Value added at basic prices (VAB),1992,"2017, 2011",BPM6,Actual,General trade system,Budgetary central government,Enhanced General Data Dissemination System (e-GDDS),"Core Welfare Indicator Questionnaire Survey (CWIQ), 2015",,,1981,2017,2001,BJ,BJ,Benin,Benin
BTN,Kingdom of Bhutan,Lower middle income,South Asia,IDA,,Bhutanese ngultrum,2017,"Multiple Indicator Cluster Survey, 2010",,2000,,Country uses the 1993 System of National Accounts methodology,Value added at basic prices (VAB),,"2017, 2011",BPM6,Actual,General trade system,Consolidated central government,Enhanced General Data Dissemination System (e-GDDS),"Integrated household survey (IHS), 2017",,"2009. Economic Census, Natural Resources Census, Livestock Census, Livestock and Aquaculture Census or Sample Agricultural Census.",,2017,2008,BT,BT,Bhutan,Bhutan
BOL,Plurinational State of Bolivia,Lower middle income,Latin America & Caribbean,IBRD,HIPC,Bolivian Boliviano,2012,"Demographic and Health Survey, 2008",,1990,,Country uses the 1993 System of National Accounts methodology,Value added at basic prices (VAB),1960–85,"2017, 2011",BPM6,Actual,General trade system,,Enhanced General Data Dissemination System (e-GDDS),"Integrated household survey (IHS), 2016",,2013,2010,2017,2009,BO,BO,Bolivia,Bolivia
BIH,Bosnia and Herzegovina,Upper middle income,Europe & Central Asia,IBRD,,Bosnia and Herzegovina convertible mark,2013,"Multiple Indicator Cluster Survey, 2011/12",,Original chained constant price data are rescaled.,2015,Country uses the 1993 System of National Accounts methodology,Value added at basic prices (VAB),,Rolling surveys (annual estimation),BPM6,Actual,Special trade system,Consolidated central government,Enhanced General Data Dissemination System (e-GDDS),"Expenditure survey/budget survey (ES/BS), 2015",Yes,,2011,2017,2013,BA,BA,Bosnia and Herzegovina,Bosnia and Herzegovina
BWA,Republic of Botswana,Upper middle income,Sub-Saharan Africa,IBRD,,Botswana pula,2011,Family Health Survey 2007/08,,2006,,Country uses the 1993 System of National Accounts methodology,Value added at basic prices (VAB),,"2017, 2011",BPM6,Actual,General trade system,Budgetary central government,Enhanced General Data Dissemination System (e-GDDS),"Core Welfare Indicator Questionnaire Survey (CWIQ), 2015/16",,2015,2013,2017,2000,BW,BW,Botswana,Botswana
BRA,Federative Republic of Brazil,Upper middle income,Latin America & Caribbean,IBRD,,Brazilian real,2010,"National Health Survey, 2013",,Original chained constant price data are rescaled.,2010,Country uses the 2008 System of National Accounts methodology,Value added at basic prices (VAB),,"2017, 2011",BPM6,Actual,Special trade system,Consolidated central government,Special Data Dissemination Standard (SDDS),"Integrated household survey (IHS), 2016",Yes,2006,2013,2017,2010,BR,BR,Brazil,Brazil
BGR,Republic of Bulgaria,Upper middle income,Europe & Central Asia,IBRD,,Bulgarian lev,2011,"Living Standards Measurement Study, 2007",,Original chained constant price data are rescaled.,2010,Country uses the 2008 System of National Accounts methodology,Value added at basic prices (VAB),"1978–89, 1991–92",Rolling surveys (annual estimation),BPM6,Actual,Special trade system,Consolidated central government,Special Data Dissemination Standard Plus (SDDS+),"Expenditure survey/budget survey (ES/BS), 2014",Yes,2010,2014,2017,2013,BG,BG,Bulgaria,Bulgaria
BFA,Burkina Faso,Low income,Sub-Saharan Africa,IDA,HIPC,West African CFA franc,2019,"Malaria Indicator Survey, 2017/18",,2015,,Country uses the 2008 System of National Accounts methodology,Value added at basic prices (VAB),1992–93,"2017, 2011",BPM6,Actual,General trade system,Budgetary central government,Enhanced General Data Dissemination System (e-GDDS),"Core Welfare Indicator Questionnaire Survey (CWIQ), 2014",,2006-2010,1983,2017,2005,BF,BF,Burkina Faso,Burkina Faso
BDI,Republic of Burundi,Low income,Sub-Saharan Africa,IDA,HIPC,Burundi franc,2008,"Demographic and Health Survey, 2016/17",,2005,,Country uses the 1993 System of National Accounts methodology,Value added at basic prices (VAB),,"2017, 2011",BPM6,Estimate,General trade system,Budgetary central government,Enhanced General Data Dissemination System (e-GDDS),"Core Welfare Indicator Questionnaire Survey (CWIQ), 2014",,,2012,2017,2000,BI,BI,Burundi,Burundi
CPV,Republic of Cabo Verde,Lower middle income,Sub-Saharan Africa,Blend,,Cabo Verde escudo,2010,"Demographic and Health Survey, 2005",,2007,,Country uses the 1993 System of National Accounts methodology,Value added at basic prices (VAB),,"2017, 2011",BPM6,Actual,General trade system,Consolidated central government,Enhanced General Data Dissemination System (e-GDDS),"Income survey (IS), 2015",Yes,2015,,2017,2001,CV,CV,Cabo Verde,Cabo Verde
KHM,Kingdom of Cambodia,Lower middle income,East Asia & Pacific,IDA,,Cambodian riel,2019,"Demographic and Health Survey, 2014",,2000,,Country uses the 1993 System of National Accounts methodology,Value added at basic prices (VAB),,"2017, 2011",BPM6,Actual,General trade system,Budgetary central government,Enhanced General Data Dissemination System (e-GDDS),"Integrated household survey (IHS), 2012",,2013,2000,2017,2006,KH,KH,Cambodia,Cambodia
CMR,Republic of Cameroon,Lower middle income,Sub-Saharan Africa,Blend,HIPC,Central African CFA franc,2005,"Demographic and Health Survey, 2018",,2005,,Country uses the 1993 System of National Accounts methodology,Value added at basic prices (VAB),,"2017, 2011",BPM6,Actual,Special trade system,,Enhanced General Data Dissemination System (e-GDDS),"Priority survey (PS), 2014",,,2002,2017,2000,CM,CM,Cameroon,Cameroon
CAF,Central African Republic,Low income,Sub-Saharan Africa,IDA,HIPC,Central African CFA franc,2003,"Multiple Indicator Cluster Survey, 2018/19",,2005,,Country uses the 1993 System of National Accounts methodology,Value added at basic prices (VAB),,"2017, 2011",BPM5 (Converted into BPM6 by IMF),Actual,General trade system,Budgetary central government,Enhanced General Data Dissemination System (e-GDDS),"Priority survey (PS), 2008",,,1993,2017,2005,CF,CF,Central African Republic,Central African Republic
TCD,Republic of Chad,Low income,Sub-Saharan Africa,IDA,HIPC,Central African CFA franc,2009,"Multiple Indicator Cluster Survey, 2019",,2005,,Country uses the 1993 System of National Accounts methodology,Value added at basic prices (VAB),,"2017, 2011",BPM5 (Converted into BPM6 by IMF),Actual,Special trade system,,Enhanced General Data Dissemination System (e-GDDS),"Priority survey (PS), 2011",,,,2017,2005,TD,TD,Chad,Chad
CHN,People's Republic of China,Upper middle income,East Asia & Pacific,IBRD,,Chinese yuan,2010,"National Sample Survey on Population Changes, 2014","On 1 July 1997 China resumed its exercise of sovereignty over Hong Kong; and on 20 December 1999 China resumed its exercise of sovereignty over Macao. Unless otherwise noted, data for China do not include data for Hong Kong SAR, China; Macao SAR, China; or Taiwan, China.",2015,,Country uses the 2008 System of National Accounts methodology,Value added at producer prices (VAP),1978–93,"2017, 2011",BPM6,Preliminary,General trade system,Consolidated central government,Special Data Dissemination Standard (SDDS),"Integrated household survey (IHS), 2015",,2016,2007,2017,2013,CN,CN,China,China
COL,Republic of Colombia,Upper middle income,Latin America & Caribbean,IBRD,,Colombian peso,2018,"Demographic and Health Survey, 2015",,2015,,Country uses the 2008 System of National Accounts methodology,Value added at basic prices (VAB),1992–94,"2011, and Rolling surveys (annual estimation) after 2016",BPM6,Actual,Special trade system,Consolidated central government,Special Data Dissemination Standard (SDDS),"Integrated household survey (IHS), 2017",,2015,2012,2017,2008,CO,CO,Colombia,Colombia
COM,Union of the Comoros,Lower middle income,Sub-Saharan Africa,IDA,HIPC,Comorian franc,2017,"Demographic and Health Survey, 2012",,2007,,Country uses the 2008 System of National Accounts methodology,Value added at producer prices (VAP),,"2017, 2011",BPM5 (Converted into BPM6 by IMF),Actual,General trade system,,Enhanced General Data Dissemination System (e-GDDS),"Integrated household survey (IHS), 2013",,,,2017,1999,KM,KM,Comoros,Comoros
COD,Democratic Republic of the Congo,Low income,Sub-Saharan Africa,IDA,HIPC,Congolese franc,,"Multiple Indicator Cluster Survey, 2017/18",,2005,,Country uses the 1993 System of National Accounts methodology,Value added at basic prices (VAB),1999–2001,"2017, 2011",BPM6,Actual,Special trade system,Budgetary central government,Enhanced General Data Dissemination System (e-GDDS),"1-2-3 survey (1-2-3), 2012/13",,,,2016,2005,CD,ZR,"Congo, Dem. Rep.",Dem. Rep. Congo
COG,Republic of Congo,Lower middle income,Sub-Saharan Africa,Blend,HIPC,Central African CFA franc,2007,"Multiple Indicator Cluster Survey, 2014/15",,1990,,Country uses the 1968 System of National Accounts methodology,Value added at producer prices (VAP),1993,"2017, 2011",BPM6,Actual,Special trade system,Budgetary central government,Enhanced General Data Dissemination System (e-GDDS),"Core Welfare Indicator Questionnaire Survey (CWIQ)/Priority survey (PS), 2011",,2014-2015,2009,2017,2002,CG,CG,"Congo, Rep.",Congo
CRI,Republic of Costa Rica,Upper middle income,Latin America & Caribbean,IBRD,,Costa Rican colon,2011,"Multiple Indicator Cluster Survey, 2018",,Original chained constant price data are rescaled.,2012,Country uses the 2008 System of National Accounts methodology,Value added at basic prices (VAB),,"2011, and Rolling surveys (annual estimation) after 2016",BPM6,Actual,General trade system,Consolidated central government,Special Data Dissemination Standard (SDDS),"Integrated household survey (IHS), 2017",Yes,2014,2013,2017,2013,CR,CR,Costa Rica,Costa Rica
CIV,Republic of Côte d'Ivoire,Lower middle income,Sub-Saharan Africa,IDA,HIPC,West African CFA franc,2014,"Multiple Indicator Cluster Survey, 2016",,2015,,Country uses the 2008 System of National Accounts methodology,Value added at basic prices (VAB),,"2017, 2011",BPM6,Actual,Special trade system,Budgetary central government,Enhanced General Data Dissemination System (e-GDDS),"Integrated household survey (IHS), 2015",,2014-2015,1997,2017,2005,CI,CI,Côte d'Ivoire,Côte d'Ivoire
DJI,Republic of Djibouti,Lower middle income,Middle East & North Africa,IDA,,Djibouti franc,2009,"Multiple Indicator Cluster Survey, 2006",,2013,,Country uses the 1993 System of National Accounts methodology,Value added at basic prices (VAB),,"2017, 2011",BPM5 (Converted into BPM6 by IMF),Actual,General trade system,,Enhanced General Data Dissemination System (e-GDDS),"Priority survey (PS), 2017",,,,2017,2000,DJ,DJ,Djibouti,Djibouti
DMA,Commonwealth of Dominica,Upper middle income,Latin America & Caribbean,Blend,,East Caribbean dollar,2011,,,2006,,Country uses the 1993 System of National Accounts methodology,Value added at basic prices (VAB),,"2017, 2011",BPM6,Actual,Special trade system,Budgetary central government,Enhanced General Data Dissemination System (e-GDDS),,Yes,2015,,2017,2010,DM,DM,Dominica,Dominica
DOM,Dominican Republic,Upper middle income,Latin America & Caribbean,IBRD,,Dominican peso,2010,"Multiple Indicator Cluster Survey, 2019",,Original chained constant price data are rescaled.,2007,Country uses the 2008 System of National Accounts methodology,Value added at basic prices (VAB),,"2017, 2011",BPM6,Estimate,General trade system,Consolidated central government,Enhanced General Data Dissemination System (e-GDDS),"Integrated household survey (IHS), 2016",,2015,1984,2017,2010,DO,DO,Dominican Republic,Dominican Republic
EAP,East Asia & Pacific (excluding high income),,,,,,,,East Asia and Pacific regional aggregate (does not include high-income economies).,,,,,,,,,,,,,,,,,,4E,4E,East Asia & Pacific (excluding high income),East Asia & Pacific (excluding high income)
ECU,Republic of Ecuador,Upper middle income,Latin America & Caribbean,IBRD,,U.S. dollar,2010,"Reproductive Health Survey, 2004",,2007,,Country uses the 2008 System of National Accounts methodology,Value added at basic prices (VAB),,"2017, 2011",BPM6,Actual,Special trade system,,Special Data Dissemination Standard (SDDS),"Integrated household survey (IHS), 2018",,,2008,2017,2005,EC,EC,Ecuador,Ecuador
EGY,Arab Republic of Egypt,Lower middle income,Middle East & North Africa,IBRD,,Egyptian pound,2017,"Health Issues Survey, 2015",,2016/17,,Country uses the 1993 System of National Accounts methodology,Value added at basic prices (VAB),,"2017, 2011",BPM5 (Converted into BPM6 by IMF),Actual,General trade system,Budgetary central government,Special Data Dissemination Standard (SDDS),"Expenditure survey/budget survey (ES/BS), 2015",Yes,2009-2010,2012,2017,2010,EG,EG,"Egypt, Arab Rep.",Egypt
SLV,Republic of El Salvador,Lower middle income,Latin America & Caribbean,IBRD,,U.S. dollar,2007,"Multiple Indicator Cluster Survey, 2014",,Original chained constant price data are rescaled.,2014,Country uses the 2008 System of National Accounts methodology,Value added at basic prices (VAB),,"2017, 2011",BPM6,Actual,General trade system,Consolidated central government,Special Data Dissemination Standard (SDDS),"Integrated household survey (IHS), 2017",Yes,2007-2008,1998,2017,2005,SV,SV,El Salvador,El Salvador
ERI,State of Eritrea,Low income,Sub-Saharan Africa,IDA,HIPC,Eritrean nakfa,,"Demographic and Health Survey, 2002",,2011,,Country uses the 1968 System of National Accounts methodology,Value added at basic prices (VAB),,PPPs are imputed for 2011 based on a regression model,BPM5 (Converted into BPM6 by IMF),Estimate,,,,"Priority survey (PS), 1993",,,2012,2017,2004,ER,ER,Eritrea,Eritrea
SWZ,Kingdom of Eswatini,Lower middle income,Sub-Saharan Africa,IBRD,,Swazi lilangeni,2017,"Multiple Indicator Cluster Survey, 2014",Fiscal year end: March 31; reporting period for national accounts data: CY. Authorities revised national accounts from 1999 to 2015.,2011,,Country uses the 2008 System of National Accounts methodology,Value added at basic prices (VAB),,"2017, 2011",BPM6,Actual,General trade system,Budgetary central government,Enhanced General Data Dissemination System (e-GDDS),"Expenditure survey/budget survey (ES/BS), 2009/10",,,2011,2017,2000,SZ,SZ,Eswatini,Eswatini
ETH,Federal Democratic Republic of Ethiopia,Low income,Sub-Saharan Africa,IDA,HIPC,Ethiopian birr,2007,"Interim Demographic and Health Survey, 2019",Fiscal year end: July 7; reporting period for national accounts data: FY.,2015/2016,,Country uses the 1993 System of National Accounts methodology,Value added at basic prices (VAB),,"2017, 2011",BPM5 (Converted into BPM6 by IMF),Actual,General trade system,Budgetary central government,Enhanced General Data Dissemination System (e-GDDS),"Expenditure survey/budget survey (ES/BS), 2015/16",,,2014,2017,2016,ET,ET,Ethiopia,Ethiopia
ECA,Europe & Central Asia (excluding high income),,,,,,,,Europe and Central Asia regional aggregate (does not include high-income economies).,,,,,,,,,,,,,,,,,,7E,7E,Europe & Central Asia (excluding high income),Europe & Central Asia (excluding high income)
FJI,Republic of Fiji,Upper middle income,East Asia & Pacific,Blend,,Fijian dollar,2017,,,2014,,Country uses the 2008 System of National Accounts methodology,Value added at basic prices (VAB),,"2017, 2011",BPM6,Actual,General trade system,Budgetary central government,Enhanced General Data Dissemination System (e-GDDS),"Expenditure survey/budget survey (ES/BS), 2013",Yes,2009,2011,2017,2005,FJ,FJ,Fiji,Fiji
GAB,Gabonese Republic,Upper middle income,Sub-Saharan Africa,IBRD,,Central African CFA franc,2013,"Demographic and Health Survey, 2019/20",,2001,,Country uses the 1993 System of National Accounts methodology,Value added at basic prices (VAB),1993,"2017, 2011",BPM5 (Converted into BPM6 by IMF),Actual,Special trade system,,Enhanced General Data Dissemination System (e-GDDS),"Living Standards Measurement Study Survey (LSMS)/Integrated household survey (IHS), 2017",,,1995,2017,2005,GA,GA,Gabon,Gabon
GMB,Republic of The Gambia,Low income,Sub-Saharan Africa,IDA,HIPC,Gambian dalasi,2013,"Demographic and Health Survey, 2019/20",,2013,,Country uses the 2008 System of National Accounts methodology,Value added at basic prices (VAB),,"2017, 2011",BPM5 (Converted into BPM6 by IMF),Actual,General trade system,Consolidated central government,Enhanced General Data Dissemination System (e-GDDS),"Integrated household survey (IHS), 2015",,2011-2012,2004,2017,2000,GM,GM,"Gambia, The",The Gambia
GEO,Georgia,Upper middle income,Europe & Central Asia,IBRD,,Georgian lari,2014,"Multiple Indicator Cluster Survey, 2018","Includes self-governed areas only, which mostly exclude Abkhazia and South Ossetia, but small areas in Abkhazia and South Ossetia are included before 2008 or 2009 because of the changes in self-governed areas.",Original chained constant price data are rescaled.,2015,Country uses the 2008 System of National Accounts methodology,Value added at basic prices (VAB),1990–95,"2017, 2011",BPM6,Actual,General trade system,Consolidated central government,Special Data Dissemination Standard (SDDS),"Integrated household survey (IHS), 2017",Yes,2014,2013,2017,2008,GE,GE,Georgia,Georgia
GHA,Republic of Ghana,Lower middle income,Sub-Saharan Africa,IDA,HIPC,New Ghanaian cedi,2010,"Malaria Indicator Survey, 2019",,2013,,Country uses the 2008 System of National Accounts methodology,Value added at basic prices (VAB),1973–87,"2017, 2011",BPM6,Estimate,General trade system,Consolidated central government,Enhanced General Data Dissemination System (e-GDDS),"Living Standards Measurement Study Survey (LSMS), 2017",,,2003,2017,2000,GH,GH,Ghana,Ghana
GRD,Grenada,Upper middle income,Latin America & Caribbean,Blend,,East Caribbean dollar,2011,"Reproductive Health Survey, 1985",,2006,,Country uses the 1993 System of National Accounts methodology,Value added at basic prices (VAB),,"2017, 2011",BPM6,Actual,Special trade system,Budgetary central government,Enhanced General Data Dissemination System (e-GDDS),,Yes,2012,,2017,2014,GD,GD,Grenada,Grenada
GTM,Republic of Guatemala,Upper middle income,Latin America & Caribbean,IBRD,,Guatemalan quetzal,2018,"Demographic and Health Survey, 2014/15",,Original chained constant price data are rescaled.,,Country uses the 2008 System of National Accounts methodology,Value added at basic prices (VAB),,2011,BPM6,Actual,General trade system,Budgetary central government,Enhanced General Data Dissemination System (e-GDDS),"Living Standards Measurement Study Survey (LSMS), 2014",Yes,,1988,2017,2006,GT,GT,Guatemala,Guatemala
GIN,Republic of Guinea,Low income,Sub-Saharan Africa,IDA,HIPC,Guinean franc,2014,"Demographic and Health Survey, 2018",,Original chained constant price data are rescaled.,2010,Country uses the 2008 System of National Accounts methodology,Value added at basic prices (VAB),,"2017, 2011",BPM6,Actual,Special trade system,,Enhanced General Data Dissemination System (e-GDDS),"Core Welfare Indicator Questionnaire Survey (CWIQ), 2012",,,,2017,2001,GN,GN,Guinea,Guinea
GNB,Republic of Guinea-Bissau,Low income,Sub-Saharan Africa,IDA,HIPC,West African CFA franc,2009,"Multiple Indicator Cluster Survey, 2018/19",,2005,,Country uses the 1993 System of National Accounts methodology,Value added at basic prices (VAB),,"2017, 2011",BPM6,Estimate,General trade system,,Enhanced General Data Dissemination System (e-GDDS),"Core Welfare Indicator Questionnaire Survey (CWIQ), 2010",,,,2017,2000,GW,GW,Guinea-Bissau,Guinea-Bissau
GUY,Co-operative Republic of Guyana,Upper middle income,Latin America & Caribbean,IDA,HIPC,Guyana dollar,2012,"Multiple Indicator Cluster Survey, 2019/20",,2006,,Country uses the 1993 System of National Accounts methodology,Value added at basic prices (VAB),,2017,BPM6,Actual,Special trade system,,Enhanced General Data Dissemination System (e-GDDS),"Integrated household survey (IHS), 1998",,,,2017,2010,GY,GY,Guyana,Guyana
HTI,Republic of Haiti,Low income,Latin America & Caribbean,IDA,HIPC,Haitian gourde,2003,"Demographic and Health Survey, 2016/17",Fiscal year end: September 30; reporting period for national accounts data: FY.,1986/87,1987/1988,Country uses the 1968 System of National Accounts methodology,Value added at basic prices (VAB),1991,"2017, 2011",BPM5 (Converted into BPM6 by IMF),Actual,General trade system,,Enhanced General Data Dissemination System (e-GDDS),"Integrated household survey (IHS), 2012",,2008-2009,,2017,2009,HT,HT,Haiti,Haiti
HND,Republic of Honduras,Lower middle income,Latin America & Caribbean,IDA,HIPC,Honduran lempira,2013,"Multiple Indicator Cluster Survey, 2019",,2000,,Country uses the 1993 System of National Accounts methodology,Value added at basic prices (VAB),1988–89,"2017, 2011",BPM5 (Converted into BPM6 by IMF),Actual,Special trade system,Consolidated central government,Enhanced General Data Dissemination System (e-GDDS),"Integrated household survey (IHS), 2017",,,1996,2017,2003,HN,HN,Honduras,Honduras
IDX,IDA only,,,,,,,,IDA only group aggregate.,,,,,,,,,,,,,,,,,,XI,XI,IDA only,IDA only
IND,Republic of India,Lower middle income,South Asia,IBRD,,Indian rupee,2011,"Demographic and Health Survey, 2015/16",Fiscal year end: March 31; reporting period for national accounts data: FY.,2011,,Country uses the 2008 System of National Accounts methodology,Value added at basic prices (VAB),,"2017, 2011",BPM6,Actual,General trade system,Consolidated central government,Special Data Dissemination Standard (SDDS),"Integrated household survey (IHS), 2011/12",,2010-2011,2014,2017,2010,IN,IN,India,India
IDN,Republic of Indonesia,Upper middle income,East Asia & Pacific,IBRD,,Indonesian rupiah,2010,"Demographic and Health Survey, 2017",Fiscal year end: March 31; reporting period for national accounts data: CY. Data for Indonesia include Timor-Leste through 1999 unless otherwise noted.,2010,,Country uses the 2008 System of National Accounts methodology,Value added at basic prices (VAB),,"2017, 2011",BPM6,Actual,General trade system,Consolidated central government,Special Data Dissemination Standard (SDDS),"Integrated household survey (IHS), 2017",,2013,2013,2017,2000,ID,ID,Indonesia,Indonesia
IRN,Islamic Republic of Iran,Upper middle income,Middle East & North Africa,IBRD,,Iranian rial,2016,"Iran’s Multiple Indicator Demographic and Health Survey, 2010",Fiscal year end: March 20; reporting period for national accounts data: FY.,2011,,Country uses the 1993 System of National Accounts methodology,Value added at basic prices (VAB),1980–2002,"2017, 2011",BPM5 (Converted into BPM6 by IMF),Actual,Special trade system,Consolidated central government,Enhanced General Data Dissemination System (e-GDDS),"Expenditure survey/budget survey (ES/BS), 2016",Yes,2014,2014,2017,2004,IR,IR,"Iran, Islamic Rep.",Iran
JAM,Jamaica,Upper middle income,Latin America & Caribbean,IBRD,,Jamaican dollar,2011,"Multiple Indicator Cluster Survey, 2011",,2007,,Country uses the 1993 System of National Accounts methodology,Value added at basic prices (VAB),,"2017, 2011",BPM6,Actual,Special trade system,Budgetary central government,Enhanced General Data Dissemination System (e-GDDS),"Living Standards Measurement Study Survey (LSMS), 2012",,2007,1996,2017,2007,JM,JM,Jamaica,Jamaica
JOR,Hashemite Kingdom of Jordan,Upper middle income,Middle East & North Africa,IBRD,,Jordanian dinar,2015,"Demographic and Health Survey, 2017/18",,2016,,Country uses the 1968 System of National Accounts methodology,Value added at basic prices (VAB),,Annual estimation for 2011-2017,BPM6,Actual,Special trade system,Budgetary central government,Special Data Dissemination Standard (SDDS),"Expenditure survey/budget survey (ES/BS), 2010",,2007,2013,2017,2005,JO,JO,Jordan,Jordan
KAZ,Republic of Kazakhstan,Upper middle income,Europe & Central Asia,IBRD,,Kazakh tenge,2009,"Multiple Indicator Cluster Survey, 2015",,Original chained constant price data are rescaled.,2005,Country uses the 1993 System of National Accounts methodology,Value added at basic prices (VAB),1987–95,"2017, 2014, 2011",BPM6,Actual,General trade system,Consolidated central government,Special Data Dissemination Standard (SDDS),"Expenditure survey/budget survey (ES/BS), 2017",,2006-2007,2013,2017,2010,KZ,KZ,Kazakhstan,Kazakhstan
KEN,Republic of Kenya,Lower middle income,Sub-Saharan Africa,Blend,,Kenyan shilling,2009,"Malaria Indicator Survey, 2015",Fiscal year end: June 30; reporting period for national accounts data: CY.,2009,,Country uses the 2008 System of National Accounts methodology,Value added at basic prices (VAB),,"2017, 2011",BPM6,Actual,General trade system,Consolidated central government,Enhanced General Data Dissemination System (e-GDDS),"Integrated household survey (IHS), 2015/16",,,2013,2017,2010,KE,KE,Kenya,Kenya
XKX,Republic of Kosovo,Upper middle income,Europe & Central Asia,IDA,,Euro,2011,"Multiple Indicator Cluster Survey, 2013/14",,Original chained constant price data are rescaled.,2008,Country uses the 1993 System of National Accounts methodology,Value added at basic prices (VAB),,PPPs are imputed for 2011 and 2017 based on a regression model,BPM6,Actual,,,Enhanced General Data Dissemination System (e-GDDS),"Expenditure survey/budget survey (ES/BS), 2015",,2014,,,,XK,XK,Kosovo,Kosovo
KGZ,Kyrgyz Republic,Lower middle income,Europe & Central Asia,IDA,HIPC,Kyrgyz som,2009,"Multiple Indicator Cluster Survey, 2018",,Original chained constant price data are rescaled.,2010,Country uses the 1993 System of National Accounts methodology,Value added at basic prices (VAB),1990–95,"2017, 2014, 2011",BPM6,Actual,General trade system,Consolidated central government,Special Data Dissemination Standard (SDDS),"Integrated household survey (IHS), 2015",Yes,,2012,2017,2006,KG,KG,Kyrgyz Republic,Kyrgyz Republic
LAO,Lao People's Democratic Republic,Lower middle income,East Asia & Pacific,IDA,,Lao kip,2015,"Multiple Indicator Cluster Survey, 2017",,2012,,Country uses the 2008 System of National Accounts methodology,Value added at basic prices (VAB),,"2017, 2011",BPM6,Estimate,Special trade system,Budgetary central government,Enhanced General Data Dissemination System (e-GDDS),"Expenditure survey/budget survey (ES/BS), 2012",,2010-2011,1999,2016,2005,LA,LA,Lao PDR,Lao PDR
LAC,Latin America & Caribbean (excluding high income),,,,,,,,Latin America and Caribbean regional aggregate (does not include high-income economies).,,,,,,,,,,,,,,,,,,XJ,XJ,Latin America & Caribbean (excluding high income),Latin America & Caribbean (excluding high income)
LDC,Least developed countries: UN classification,,,,,,,,Least developed countries (UN classification) aggregate.,,,,,,,,,,,,,,,,,,XL,XL,Least developed countries: UN classification,Least developed countries: UN classification
LBN,Lebanese Republic,Upper middle income,Middle East & North Africa,IBRD,,Lebanese pound,1943,"Family Health Survey, 2004",,2010,,Country uses the 2008 System of National Accounts methodology,Value added at basic prices (VAB),,PPPs are imputed for 2011 and 2017 based on a regression model,BPM5 (Converted into BPM6 by IMF),Actual,Special trade system,Budgetary central government,Enhanced General Data Dissemination System (e-GDDS),"Expenditure survey/budget survey (ES/BS), 2011/12",Yes,2010,2007,2017,2005,LB,LB,Lebanon,Lebanon
LSO,Kingdom of Lesotho,Lower middle income,Sub-Saharan Africa,IDA,,Lesotho loti,2016,"Multiple Indicator Cluster Survey, 2018",Fiscal year end: March 31; reporting period for national accounts data: CY.,2012,,Country uses the 1993 System of National Accounts methodology,Value added at basic prices (VAB),,"2017, 2011",BPM6,Actual,General trade system,Budgetary central government,Enhanced General Data Dissemination System (e-GDDS),"Expenditure survey/budget survey (ES/BS), 2010",,2010,1985,2017,2000,LS,LS,Lesotho,Lesotho
LBR,Republic of Liberia,Low income,Sub-Saharan Africa,IDA,HIPC,U.S. dollar,2008,"Demographic and Health Survey, 2019/20",Pre-2000 data will be revised further for consistency and quality purpose.,1992,,Country uses the 2008 System of National Accounts methodology,Value added at producer prices (VAP),,"2017, 2011",BPM6,Actual,Special trade system,Consolidated central government,Enhanced General Data Dissemination System (e-GDDS),"Expenditure survey/budget survey (ES/BS), 2014",,,,2016,2000,LR,LR,Liberia,Liberia
LMY,Low & middle income,,,,,,,,"Low and middle income group aggregate (all developing economies). Low- and middle-income economies are those in which 2015 GNI per capita was $12,475 or less.",,,,,,,,,,,,,,,,,,XO,XO,Low & middle income,Low & middle income
LIC,Low income,,,,,,,,"Low income group aggregate. Low-income economies are those in which 2015 GNI per capita was $1,025 or less.",,,,,,,,,,,,,,,,,,XM,XM,Low income,Low income
LMC,Lower middle income,,,,,,,,"Lower middle income group aggregate. Lower-middle-income economies are those in which 2015 GNI per capita was between $1,026 and $4,035.",,,,,,,,,,,,,,,,,,XN,XN,Lower middle income,Lower middle income
MDG,Republic of Madagascar,Low income,Sub-Saharan Africa,IDA,HIPC,Malagasy ariary,2018,"Multiple Indicator Cluster Survey, 2018",,2007,,Country uses the 1993 System of National Accounts methodology,Value added at basic prices (VAB),,"2017, 2011",BPM6,Estimate,General trade system,Budgetary central government,Enhanced General Data Dissemination System (e-GDDS),"Priority survey (PS), 2012",,,2006,2017,2000,MG,MG,Madagascar,Madagascar
MWI,Republic of Malawi,Low income,Sub-Saharan Africa,IDA,HIPC,Malawi kwacha,2018,"Malaria Indicator Survey, 2017",,2010,,Country uses the 2008 System of National Accounts methodology,Value added at basic prices (VAB),,"2017, 2011",BPM6,Actual,General trade system,Budgetary central government,Enhanced General Data Dissemination System (e-GDDS),"Integrated household survey (IHS), 2016",,2006-2007,2012,2017,2005,MW,MW,Malawi,Malawi
MDV,Republic of Maldives,Upper middle income,South Asia,IDA,,Maldivian rufiyaa,2014,"Demographic and Health Survey, 2016/17",,2014,,Country uses the 1993 System of National Accounts methodology,Value added at basic prices (VAB),,"2017, 2011",BPM6,Actual,General trade system,Consolidated central government,Enhanced General Data Dissemination System (e-GDDS),"Integrated household survey (IHS), 2009/10",Yes,,,2017,2008,MV,MV,Maldives,Maldives
MLI,Republic of Mali,Low income,Sub-Saharan Africa,IDA,HIPC,West African CFA franc,2009,"Demographic and Health Survey, 2018",,1999,,Country uses the 1993 System of National Accounts methodology,Value added at basic prices (VAB),,"2017, 2011",BPM6,Estimate,General trade system,Budgetary central government,Enhanced General Data Dissemination System (e-GDDS),"Integrated household survey (IHS), 2009/10",,,,2017,2006,ML,ML,Mali,Mali
MRT,Islamic Republic of Mauritania,Lower middle income,Sub-Saharan Africa,IDA,HIPC,Mauritanian ouguiya,2013,"Demographic and Health Survey, 2019/20",National account data were adjusted to reflect the new banknote (1 new ouguiya = 10 old ouguiya),2014,,Country uses the 1993 System of National Accounts methodology,Value added at basic prices (VAB),,"2017, 2011",BPM6,Actual,General trade system,,Enhanced General Data Dissemination System (e-GDDS),"Integrated household survey (IHS), 2014",,,,2017,2005,MR,MR,Mauritania,Mauritania
MEX,United Mexican States,Upper middle income,Latin America & Caribbean,IBRD,,Mexican peso,2010,"Multiple Indicator Cluster Survey, 2015",,2013,,Country uses the 2008 System of National Accounts methodology,Value added at basic prices (VAB),,Rolling surveys (annual estimation),BPM6,Actual,General trade system,Consolidated central government,Special Data Dissemination Standard (SDDS),"Integrated household survey (IHS), 2016",Yes,2007,2013,2017,2011,MX,MX,Mexico,Mexico
MNA,Middle East & North Africa (excluding high income),,,,,,,,Middle East and North Africa regional aggregate (does not include high-income economies).,,,,,,,,,,,,,,,,,,XQ,XQ,Middle East & North Africa (excluding high income),Middle East & North Africa (excluding high income)
MIC,Middle income,,,,,,,,"Middle income group aggregate. Middle-income economies are those in which 2015 GNI per capita was between $1,026 and $12,475.",,,,,,,,,,,,,,,,,,XP,XP,Middle income,Middle income
MDA,Republic of Moldova,Lower middle income,Europe & Central Asia,IBRD,,Moldovan leu,2014,"Multiple Indicator Cluster Survey, 2012","Excluding Transnistria. For 1950-94, World Bank estimates using UN World Population Prospects' growth rates of whole Moldova.",Original chained constant price data are rescaled.,2010,Country uses the 2008 System of National Accounts methodology,Value added at basic prices (VAB),1990–95,"2017, 2014, 2011",BPM6,Actual,General trade system,Consolidated central government,Special Data Dissemination Standard (SDDS),"Expenditure survey/budget survey (ES/BS), 2017",Yes,2011,2012,2017,2007,MD,MD,Moldova,Moldova
MNG,Mongolia,Lower middle income,East Asia & Pacific,IBRD,,Mongolian tugrik,2020,"Multiple Indicator Cluster Survey, 2018",,2010,,Country uses the 2008 System of National Accounts methodology,Value added at basic prices (VAB),,"2017, 2011",BPM6,Actual,General trade system,Consolidated central government,Enhanced General Data Dissemination System (e-GDDS),"Integrated household survey (IHS), 2016",Yes,2011,2011,2017,2009,MN,MN,Mongolia,Mongolia
MNE,Montenegro,Upper middle income,Europe & Central Asia,IBRD,,Euro,2011,"Multiple Indicator Cluster Survey, 2018","Montenegro declared independence from Serbia and Montenegro on June 3, 2006. Where available, data for each country are shown separately. However, for Serbia, some indicators continue to include data for Montenegro through 2005.",Original chained constant price data are rescaled.,2006,Country uses the 2008 System of National Accounts methodology,Value added at basic prices (VAB),,Rolling surveys (annual estimation),BPM6,Actual,Special trade system,,Enhanced General Data Dissemination System (e-GDDS),"Expenditure survey/budget survey (ES/BS), 2014",Yes,2010,,2017,2010,ME,ME,Montenegro,Montenegro
MAR,Kingdom of Morocco,Lower middle income,Middle East & North Africa,IBRD,,Moroccan dirham,2014,"Morocco National Survey on Population and Family Health, 2010/11",,2007,,Country uses the 2008 System of National Accounts methodology,Value added at basic prices (VAB),,"2011, annual estimation for 2014-2017",BPM6,Actual,Special trade system,Budgetary central government,Special Data Dissemination Standard (SDDS),"Expenditure survey/budget survey (ES/BS), 2013",,,2013,2017,2010,MA,MA,Morocco,Morocco
MOZ,Republic of Mozambique,Low income,Sub-Saharan Africa,IDA,HIPC,New Mozambican metical,2017,"Malaria Indicator Survey, 2018",,2014,,Country uses the 2008 System of National Accounts methodology,Value added at basic prices (VAB),1992–95,"2017, 2011",BPM6,Actual,General trade system,Budgetary central government,Enhanced General Data Dissemination System (e-GDDS),"Expenditure survey/budget survey (ES/BS), 2014",,2009-2010,1973,2017,2001,MZ,MZ,Mozambique,Mozambique
MMR,Republic of the Union of Myanmar,Lower middle income,East Asia & Pacific,IDA,,Myanmar kyat,2014,"Demographic and Health Survey, 2015/16",Fiscal year end: March 31; reporting period for national accounts data: FY.,2015,,Country uses the 1968 System of National Accounts methodology,Value added at producer prices (VAP),,"2017, 2011",BPM6,Actual,General trade system,Consolidated central government,Enhanced General Data Dissemination System (e-GDDS),"Integrated household survey (IHS), 2015",,2010,,2017,2000,MM,MM,Myanmar,Myanmar
NPL,Nepal,Lower middle income,South Asia,IDA,,Nepalese rupee,2011,"Multiple Indicator Cluster Survey, 2019",Fiscal year end: July 14; reporting period for national accounts data: FY.,2000/01,,Country uses the 1993 System of National Accounts methodology,Value added at basic prices (VAB),,"2017, 2011",BPM5 (Converted into BPM6 by IMF),Actual,General trade system,Budgetary central government,Enhanced General Data Dissemination System (e-GDDS),"Living Standards Measurement Study Survey (LSMS), 2010/11",,2011-2012,2011,2017,2006,NP,NP,Nepal,Nepal
NIC,Republic of Nicaragua,Lower middle income,Latin America & Caribbean,IDA,HIPC,Nicaraguan gold cordoba,2005,"Reproductive Health Survey, 2006/2007",,Original chained constant price data are rescaled.,2006,Country uses the 2008 System of National Accounts methodology,Value added at basic prices (VAB),1965–95,"2017, 2011",BPM6,Actual,General trade system,Budgetary central government,Enhanced General Data Dissemination System (e-GDDS),"Living Standards Measurement Study Survey (LSMS), 2016",,2011,1985,2017,2011,NI,NI,Nicaragua,Nicaragua
NER,Republic of Niger,Low income,Sub-Saharan Africa,IDA,HIPC,West African CFA franc,2012,"Demographic and Health Survey, 2017",,2015,,Country uses the 2008 System of National Accounts methodology,Value added at basic prices (VAB),1993,"2017, 2011",BPM6,Actual,General trade system,,Enhanced General Data Dissemination System (e-GDDS),"Core Welfare Indicator Questionnaire Survey (CWIQ)/Priority survey (PS), 2014",,2004-2008,2002,2017,2005,NE,NE,Niger,Niger
NGA,Federal Republic of Nigeria,Lower middle income,Sub-Saharan Africa,Blend,,Nigerian naira,2006,"Demographic and Health Survey, 2018",,2010,,Country uses the 2008 System of National Accounts methodology,Value added at basic prices (VAB),1971–98,"2017, 2011",BPM6,Actual,General trade system,Budgetary central government,Enhanced General Data Dissemination System (e-GDDS),"Integrated household survey (IHS), 2009/10",,"2007. Economic Census, Natural Resources Census, Livestock Census, Livestock and Aquaculture Census or Sample Agricultural Census.",1996,2017,2005,NG,NG,Nigeria,Nigeria
MKD,Republic of North Macedonia,Upper middle income,Europe & Central Asia,IBRD,,Macedonian denar,2002,"Multiple Indicator Cluster Survey, 2018/2019",,Original chained constant price data are rescaled.,2005,,Value added at basic prices (VAB),,Rolling surveys (annual estimation),BPM6,Actual,Special trade system,Consolidated central government,Special Data Dissemination Standard (SDDS),"Income survey (IS), 2017",Yes,2007,2010,2014,2007,MK,MK,North Macedonia,North Macedonia
PAK,Islamic Republic of Pakistan,Lower middle income,South Asia,Blend,,Pakistani rupee,2017,"Demographic and Health Survey, 2017/18",Fiscal year end: June 30; reporting period for national accounts data: FY.,2005/06,,Country uses the 2008 System of National Accounts methodology,Value added at basic prices (VAB),,"2017, 2011",BPM6,Actual,General trade system,Budgetary central government,Enhanced General Data Dissemination System (e-GDDS),"Integrated household survey (IHS), 2014/15",,2010,2006,2017,2008,PK,PK,Pakistan,Pakistan
PNG,The Independent State of Papua New Guinea,Lower middle income,East Asia & Pacific,Blend,,Papua New Guinea kina,2011,"Demographic and Health Survey, 2016/18",,2013,,Country uses the 1993 System of National Accounts methodology,Value added at basic prices (VAB),1989,2011 (Only for individual consumption expenditure by households),BPM5 (Converted into BPM6 by IMF),Actual,General trade system,Budgetary central government,Enhanced General Data Dissemination System (e-GDDS),"Integrated household survey (IHS), 2009/10",,,1987,2017,2005,PG,PG,Papua New Guinea,Papua New Guinea
PRY,Republic of Paraguay,Upper middle income,Latin America & Caribbean,IBRD,,Paraguayan guarani,2012,"Multiple Indicator Cluster Survey, 2016",,2014,,Country uses the 2008 System of National Accounts methodology,Value added at basic prices (VAB),,"2017, 2011",BPM5 (Converted into BPM6 by IMF),Actual,General trade system,Consolidated central government,Enhanced General Data Dissemination System (e-GDDS),"Integrated household survey (IHS), 2017",,2008,2010,2017,2012,PY,PY,Paraguay,Paraguay
PER,Republic of Peru,Upper middle income,Latin America & Caribbean,IBRD,,Peruvian new sol,2017,"Continuous Demographic and Health Survey, 2014",,2007,,Country uses the 2008 System of National Accounts methodology,Value added at basic prices (VAB),1985–90,"2017, 2011",BPM5 (Converted into BPM6 by IMF),Actual,Special trade system,Consolidated central government,Special Data Dissemination Standard (SDDS),"Integrated household survey (IHS), 2017",,2012,2011,2017,2008,PE,PE,Peru,Peru
PHL,Republic of the Philippines,Lower middle income,East Asia & Pacific,IBRD,,Philippine peso,2015,"Demographic and Health Survey, 2017",,2018,,Country uses the 2008 System of National Accounts methodology,Value added at producer prices (VAP),,"2017, 2011",BPM6,Actual,General trade system,Budgetary central government,Special Data Dissemination Standard (SDDS),"Expenditure survey/budget survey (ES/BS), 2015",Yes,2012,2012,2017,2009,PH,PH,Philippines,Philippines
RUS,Russian Federation,Upper middle income,Europe & Central Asia,IBRD,,Russian ruble,2010,"Russian Federation Reproductive Health Survey, 2011",,Original chained constant price data are rescaled.,2016,Country uses the 2008 System of National Accounts methodology,Value added at basic prices (VAB),1987–95,Rolling surveys (annual estimation),BPM6,Preliminary,General trade system,Consolidated central government,Special Data Dissemination Standard (SDDS),"Expenditure survey/budget survey (ES/BS), 2017",Yes,2016,2014,2017,2013,RU,RU,Russian Federation,Russia
RWA,Republic of Rwanda,Low income,Sub-Saharan Africa,IDA,HIPC,Rwandan franc,2012,"Malaria Indicator Survey, 2017",,2017,,Country uses the 2008 System of National Accounts methodology,Value added at basic prices (VAB),1994,"2017, 2011",BPM6,Actual,General trade system,Budgetary central government,Enhanced General Data Dissemination System (e-GDDS),"Integrated household survey (IHS), 2016/17",,"2008, 2013",1999,2017,2000,RW,RW,Rwanda,Rwanda
WSM,Samoa,Upper middle income,East Asia & Pacific,IDA,,Samoan tala,2016,"Multiple Indicator Cluster Survey, 2019/20",Fiscal year ends on June 30; reporting period for national accounts data: FY.,2009,,Country uses the 1993 System of National Accounts methodology,Value added at producer prices (VAP),,2011 (Only for individual consumption expenditure by households),BPM6,Actual,General trade system,Budgetary central government,Enhanced General Data Dissemination System (e-GDDS),"Expenditure survey/budget survey (ES/BS), 2013",,2009,,2017,,WS,WS,Samoa,Samoa
STP,Democratic Republic of São Tomé and Principe,Lower middle income,Sub-Saharan Africa,IDA,HIPC,São Tomé and Principe dobra,2012,"Multiple Indicator Cluster Survey, 2019",National account data were adjusted to reflect the new banknote (1 new Dobra STN = 1000 old Dobra STD),2008,,Country uses the 1993 System of National Accounts methodology,Value added at basic prices (VAB),,"2017, 2011",BPM6,Actual,Special trade system,Budgetary central government,Enhanced General Data Dissemination System (e-GDDS),"Priority survey (PS), 2010",Yes,,,2017,1993,ST,ST,São Tomé and Principe,São Tomé and Principe
SEN,Republic of Senegal,Lower middle income,Sub-Saharan Africa,IDA,HIPC,West African CFA franc,2013,"Continuous Demographic and Health Survey, 2017",,2014,,Country uses the 2008 System of National Accounts methodology,Value added at basic prices (VAB),,"2017, 2011",BPM6,Actual,General trade system,Budgetary central government,Special Data Dissemination Standard (SDDS),"Priority survey (PS), 2011/12",,2013,2012,2017,2002,SN,SN,Senegal,Senegal
SRB,Republic of Serbia,Upper middle income,Europe & Central Asia,IBRD,,New Serbian dinar,2011,"Multiple Indicator Cluster Survey, 2019","Montenegro declared independence from Serbia and Montenegro on June 3, 2006. Where available, data for each country are shown separately. However, for Serbia, some indicators, such as those series for which data appear only for Serbia and not Montenegro--e.g., aid, environment, external debt, balance of payments, various social indicators excluding population--continue to include data for Montenegro through 2005. Moreover, data from 1999 onward for Serbia for most indicators exclude data for Kosovo, 1999 being the year when Kosovo became a territory under international administration pursuant to UN Security Council Resolution 1244 (1999); any exceptions are noted. Kosovo became a World Bank member on June 29, 2009; available data are shown separately for Kosovo. In 2011, the Statistical Office of Serbia improved the methodology of national accounts data for 2003 onward. Specifically, the classification of sectors was revised.",Original chained constant price data are rescaled.,2010,Country uses the 2008 System of National Accounts methodology,Value added at basic prices (VAB),,Rolling surveys (annual estimation),BPM6,Actual,General trade system,Consolidated central government,Enhanced General Data Dissemination System (e-GDDS),"Expenditure survey/budget survey (ES/BS), 2016",Yes,2012,2014,2017,2013,RS,YF,Serbia,Serbia
SLE,Republic of Sierra Leone,Low income,Sub-Saharan Africa,IDA,HIPC,Sierra Leonean leone,2015,"Demographic and Health Survey, 2019",,2006,,Country uses the 1993 System of National Accounts methodology,Value added at basic prices (VAB),,"2017, 2011",BPM5 (Converted into BPM6 by IMF),Actual,General trade system,Consolidated central government,Enhanced General Data Dissemination System (e-GDDS),"Integrated household survey (IHS), 2011",,,1993,2017,2005,SL,SL,Sierra Leone,Sierra Leone
SLB,Solomon Islands,Lower middle income,East Asia & Pacific,IDA,,Solomon Islands dollar,2019,"Solomon Islands Demographic and Health Survey, 2006/07",,2004,,Country uses the 1993 System of National Accounts methodology,Value added at basic prices (VAB),,2011 (Only for individual consumption expenditure by households),BPM6,Actual,Special trade system,Budgetary central government,Enhanced General Data Dissemination System (e-GDDS),"Integrated household survey (IHS), 2012/13",,,,2017,,SB,SB,Solomon Islands,Solomon Islands
SOM,Somali Democratic Republic,Low income,Sub-Saharan Africa,IDA,HIPC,Somali shilling,1987. Enumeration of settled population was in November 1986 and of nomads in February 1987.,"Multiple Indicator Cluster Survey, 2006",,2013,,Country uses the 1968 System of National Accounts methodology,Value added at basic prices (VAB),1977–90,PPPs are imputed for 2017 based on a regression model,BPM5 (Converted into BPM6 by IMF),Actual,,,,,,,1986,,2003,SO,SO,Somalia,Somalia
ZAF,Republic of South Africa,Upper middle income,Sub-Saharan Africa,IBRD,,South African rand,2011,"Demographic and Health Survey, 2016",Fiscal year end: March 31; reporting period for national accounts data: CY.,2010,2010,Country uses the 2008 System of National Accounts methodology,Value added at basic prices (VAB),,"2017, 2011",BPM6,Actual,General trade system,Consolidated central government,Special Data Dissemination Standard (SDDS),"Expenditure survey/budget survey (ES/BS), 2014/15",,2007,2010,2017,2013,ZA,ZA,South Africa,South Africa
SAS,South Asia,,,,,,,,South Asia regional aggregate. There are no economies in South Asia classified as high income.,,,,,,,,,,,,,,,,,,8S,8S,South Asia,South Asia
LKA,Democratic Socialist Republic of Sri Lanka,Lower middle income,South Asia,IBRD,,Sri Lankan rupee,2012,"Demographic and Health Survey, 2006/07",,2010,,Country uses the 2008 System of National Accounts methodology,Value added at basic prices (VAB),,"2017, 2011",BPM6,Actual,General trade system,Budgetary central government,Special Data Dissemination Standard (SDDS),"Expenditure survey/budget survey (ES/BS), 2016",Yes,2013-2014,2012,2017,2005,LK,LK,Sri Lanka,Sri Lanka
LCA,St. Lucia,Upper middle income,Latin America & Caribbean,Blend,,East Caribbean dollar,2010,"Multiple Indicator Cluster Survey, 2012",,2018,,Country uses the 2008 System of National Accounts methodology,Value added at basic prices (VAB),,"2017, 2011",BPM6,Actual,General trade system,Budgetary central government,Enhanced General Data Dissemination System (e-GDDS),"Expenditure survey/budget survey (ES/BS), 2016",Yes,2007,1997,2017,2007,LC,LC,St. Lucia,St. Lucia
VCT,St. Vincent and the Grenadines,Upper middle income,Latin America & Caribbean,Blend,,East Caribbean dollar,2012,,,2006,,Country uses the 2008 System of National Accounts methodology,Value added at basic prices (VAB),,"2017, 2011",BPM6,Actual,Special trade system,Budgetary central government,Enhanced General Data Dissemination System (e-GDDS),,Yes,,,2017,2013,VC,VC,St. Vincent and the Grenadines,St. Vincent and the Grenadines
SSA,Sub-Saharan Africa (excluding high income),,,,,,,,Sub-Saharan Africa regional aggregate (does not include high-income economies).,,,,,,,,,,,,,,,,,,ZF,ZF,Sub-Saharan Africa (excluding high income),Sub-Saharan Africa (excluding high income)
SDN,Republic of the Sudan,Low income,Sub-Saharan Africa,IDA,HIPC,Sudanese pound,2008,"Multiple Indicator Cluster Survey, 2014",,1996,,Country uses the 1968 System of National Accounts methodology,Value added at basic prices (VAB),,"2017, 2011",BPM6,Preliminary,General trade system,,Enhanced General Data Dissemination System (e-GDDS),"Expenditure survey/budget survey (ES/BS), 2009",,,2001,2017,2011,SD,SD,Sudan,Sudan
SYR,Syrian Arab Republic,Low income,Middle East & North Africa,IDA,,Syrian pound,2004,"Multiple Indicator Cluster Survey, 2006",,2000,,Country uses the 1968 System of National Accounts methodology,Value added at basic prices (VAB),1970–2010,,BPM5 (Converted into BPM6 by IMF),Estimate,Special trade system,Budgetary central government,Enhanced General Data Dissemination System (e-GDDS),"Expenditure survey/budget survey (ES/BS), 2007",,,2005,2017,2005,SY,SY,Syrian Arab Republic,Syrian Arab Republic
TJK,Republic of Tajikistan,Low income,Europe & Central Asia,IDA,,Tajik somoni,2010,"Demographic and Health Survey, 2017",,Original chained constant price data are rescaled.,2000,Country uses the 1993 System of National Accounts methodology,Value added at basic prices (VAB),1990–95,"2017, 2014, 2011",BPM6,Actual,General trade system,,Enhanced General Data Dissemination System (e-GDDS),"Expenditure survey/budget survey (ES/BS), 2015",,2013,,2017,2006,TJ,TJ,Tajikistan,Tajikistan
TZA,United Republic of Tanzania,Lower middle income,Sub-Saharan Africa,IDA,HIPC,Tanzanian shilling,2012,"Malaria Indicator Survey, 2017",,2015,,Country uses the 1993 System of National Accounts methodology,Value added at basic prices (VAB),,"2017, 2011",BPM6,Estimate,General trade system,Budgetary central government,Enhanced General Data Dissemination System (e-GDDS),"Expenditure survey/budget survey (ES/BS), 2011/12",,2007-2008,2010,2017,2002,TZ,TZ,Tanzania,Tanzania
THA,Kingdom of Thailand,Upper middle income,East Asia & Pacific,IBRD,,Thai baht,2010,"Multiple Indicator Cluster Survey, 2019",Fiscal year end: September 30; reporting period for national accounts data: CY.,2002,,Country uses the 2008 System of National Accounts methodology,Value added at producer prices (VAP),,"2017, 2011",BPM6,Actual,Special trade system,Consolidated central government,Special Data Dissemination Standard (SDDS),"Integrated household survey (IHS), 2015",,2013,2011,2017,2007,TH,TH,Thailand,Thailand
TLS,Democratic Republic of Timor-Leste,Lower middle income,East Asia & Pacific,Blend,,U.S. dollar,2015,"Demographic and Health Survey, 2016",,2015,,Country uses the 2008 System of National Accounts methodology,Value added at basic prices (VAB),,PPPs are imputed for 2011 and 2017 based on a regression model,,,General trade system,,Enhanced General Data Dissemination System (e-GDDS),"Living Standards Measurement Study Survey (LSMS), 2014/15",,,,2017,2004,TL,TP,Timor-Leste,Timor-Leste
TGO,Republic of Togo,Low income,Sub-Saharan Africa,IDA,HIPC,West African CFA franc,2010,"Multiple Indicator Cluster Survey, 2017; Malaria Indicator Survey, 2017",,2007,,Country uses the 2008 System of National Accounts methodology,Value added at basic prices (VAB),,"2017, 2011",BPM6,Actual,Special trade system,Budgetary central government,Enhanced General Data Dissemination System (e-GDDS),"Core Welfare Indicator Questionnaire Survey (CWIQ), 2015",,2011-14,,2017,2002,TG,TG,Togo,Togo
TON,Kingdom of Tonga,Upper middle income,East Asia & Pacific,IDA,,Tongan pa'anga,2016,"Multiple Indicator Cluster Survey, 2019",,2011,,Country uses the 1993 System of National Accounts methodology,Value added at basic prices (VAB),,2011 (Only for individual consumption expenditure by households),BPM6,Actual,General trade system,Consolidated central government,Enhanced General Data Dissemination System (e-GDDS),"Integrated household survey (IHS), 2009",,2015,1981,2017,,TO,TO,Tonga,Tonga
TUN,Republic of Tunisia,Lower middle income,Middle East & North Africa,IBRD,,Tunisian dinar,2014,"Multiple Indicator Cluster Survey, 2018",,2010,2010,Country uses the 1993 System of National Accounts methodology,Value added at basic prices (VAB),,"2017, 2011",BPM5 (Converted into BPM6 by IMF),Actual,General trade system,Budgetary central government,Special Data Dissemination Standard (SDDS),"Integrated household survey (IHS), 2015",,,2010,2017,2011,TN,TN,Tunisia,Tunisia
TUR,Republic of Turkey,Upper middle income,Europe & Central Asia,IBRD,,New Turkish lira,"2011. Population data compiled from administrative registers in combination with other sources of data, such as a sample surveys.","Demographic and Health Survey, 2018",,Original chained constant price data are rescaled.,2009,Country uses the 2008 System of National Accounts methodology,Value added at basic prices (VAB),,Rolling surveys (annual estimation),BPM6,Actual,Special trade system,Consolidated central government,Special Data Dissemination Standard (SDDS),"Expenditure survey/budget survey (ES/BS), 2016",Yes,,2014,2017,2008,TR,TR,Turkey,Turkey
TKM,Turkmenistan,Upper middle income,Europe & Central Asia,IBRD,,New Turkmen manat,2012,"Multiple Indicator Cluster Survey, 2019",,Original chained constant price data are rescaled.,2005,Country uses the 1993 System of National Accounts methodology,Value added at basic prices (VAB),"1987–95, 1997–2007",PPPs are imputed for 2011 and 2017 based on a regression model,BPM5 (Converted into BPM6 by IMF),Estimate,,,,"Living Standards Measurement Study Survey (LSMS), 1998",,,,2017,2004,TM,TM,Turkmenistan,Turkmenistan
UGA,Republic of Uganda,Low income,Sub-Saharan Africa,IDA,HIPC,Ugandan shilling,2014,"Malaria Indicator Survey, 2018/19",Fiscal year end: June 30; reporting period for national accounts data: FY.,2017,,Country uses the 2008 System of National Accounts methodology,Value added at basic prices (VAB),,"2017, 2011",BPM6,Actual,General trade system,Consolidated central government,Enhanced General Data Dissemination System (e-GDDS),"Integrated household survey (IHS), 2015/16",,2008-2009,2000,2017,2008,UG,UG,Uganda,Uganda
UKR,Ukraine,Lower middle income,Europe & Central Asia,IBRD,,Ukrainian hryvnia,2001,"Multiple Indicator Cluster Survey, 2012",,Original chained constant price data are rescaled.,2016,Country uses the 2008 System of National Accounts methodology,Value added at basic prices (VAB),1987–95,"2017, 2011",BPM6,Actual,General trade system,Consolidated central government,Special Data Dissemination Standard (SDDS),"Integrated household survey (IHS), 2017",Yes,,2014,2017,2010,UA,UA,Ukraine,Ukraine
UMC,Upper middle income,,,,,,,,"Upper middle income group aggregate. Upper-middle-income economies are those in which 2015 GNI per capita was between $4,036 and $12,475.",,,,,,,,,,,,,,,,,,XT,XT,Upper middle income,Upper middle income
UZB,Republic of Uzbekistan,Lower middle income,Europe & Central Asia,Blend,,Uzbek sum,1989,"Multiple Indicator Cluster Survey, 2006",,Original chained constant price data are rescaled.,2010,Country uses the 1993 System of National Accounts methodology,Value added at basic prices (VAB),1990–95,"2017 (Experimental survey for individual consumption expenditure by households), 2017 GDP PPPs and 2011 PPPs are imputed by a regression model",,Actual,General trade system,Consolidated central government,Enhanced General Data Dissemination System (e-GDDS),"Expenditure survey/budget survey (ES/BS), 2013",Yes,,,2017,2005,UZ,UZ,Uzbekistan,Uzbekistan
VUT,Republic of Vanuatu,Lower middle income,East Asia & Pacific,IDA,,Vanuatu vatu,2016,"Vanuatu Demographic and Health Survey/Multiple Indicator Cluster Survey, 2013",,2006,,Country uses the 1993 System of National Accounts methodology,Value added at basic prices (VAB),,2011 (Only for individual consumption expenditure by households),BPM6,Estimate,General trade system,Budgetary central government,Enhanced General Data Dissemination System (e-GDDS),"Integrated household survey (IHS), 2010",,2007,,2017,,VU,VU,Vanuatu,Vanuatu
VEN,República Bolivariana de Venezuela,Upper middle income,Latin America & Caribbean,IBRD,,Venezuelan bolivar fuerte,2011,"Multiple Indicator Cluster Survey, 2000",,1997,,Country uses the 1993 System of National Accounts methodology,Value added at basic prices (VAB),,2011,BPM6,Estimate,General trade system,,Enhanced General Data Dissemination System (e-GDDS),"Integrated household survey (IHS), 2015",,2008,1998,2016,2007,VE,VE,"Venezuela, RB",Venezuela
VNM,Socialist Republic of Vietnam,Lower middle income,East Asia & Pacific,IBRD,,Vietnamese dong,2019,"Multiple Indicator Cluster Survey, 2013/14",,2010,,Country uses the 1993 System of National Accounts methodology,Value added at basic prices (VAB),1991,"2017, 2011",BPM6,Estimate,General trade system,,Enhanced General Data Dissemination System (e-GDDS),"Integrated household survey (IHS), 2016",Yes,2016,2013,2017,2005,VN,VN,Vietnam,Vietnam
YEM,Republic of Yemen,Low income,Middle East & North Africa,IDA,,Yemeni rial,2004,"Demographic and Health Survey, 2013",,1990,,Country uses the 1993 System of National Accounts methodology,Value added at basic prices (VAB),1990–96,Annual estimation for 2011-2013,BPM5 (Converted into BPM6 by IMF),Estimate,Special trade system,,Enhanced General Data Dissemination System (e-GDDS),"Expenditure survey/budget survey (ES/BS), 2014",,,2012,2017,2005,YE,RY,"Yemen, Rep.",Yemen
ZMB,Republic of Zambia,Lower middle income,Sub-Saharan Africa,IDA,HIPC,New Zambian kwacha,2010,"Demographic and Health Survey, 2018","National accounts data were rebased to reflect the January 1, 2013, introduction of the new Zambian kwacha at a rate of 1,000 old kwacha = 1 new kwacha.",2010,,Country uses the 2008 System of National Accounts methodology,Value added at basic prices (VAB),1990–92,"2017, 2011",BPM6,Actual,General trade system,Budgetary central government,Enhanced General Data Dissemination System (e-GDDS),"Integrated household survey (IHS), 2015",,,1994,2017,2002,ZM,ZM,Zambia,Zambia
ZWE,Republic of Zimbabwe,Lower middle income,Sub-Saharan Africa,Blend,,U.S. dollar,2012,"Multiple Indicator Cluster Survey, 2019",,2012,,Country uses the 2008 System of National Accounts methodology,Value added at basic prices (VAB),"1991, 1998","2017, 2011",BPM6,Actual,General trade system,Budgetary central government,Enhanced General Data Dissemination System (e-GDDS),"Integrated household survey (IHS), 2011/12",,,,2017,2007,ZW,ZW,Zimbabwe,Zimbabwe
